{
    "model_name": "KNN",
    "metrics": {
        "accuracy": 0.8925449871465295,
        "precision": 0.8291630716134599,
        "recall": 0.9886831275720165,
        "f1": 0.9019239793524167,
        "roc_auc": 0.9626494571538535
    }
}